time,RIVER
1.000000000000,-4608.31615
2.000000000000,-4581.52976
