time,TRIB,MAIN
1.000000000000,-3.51094035,-4.30738609
2.000000000000,-3.23973670,-4.30738609
