time,RIVER
1.000000000000,-4197.14316
2.000000000000,-4171.74809
