time,SURFACE-DRAIN
1.000000000000,-2943.26771
2.000000000000,-2716.00752
