time,GHB-1,GHB-3
1.000000000000,3706.17667,4897.36000
2.000000000000,3778.67472,5021.03666
