time,TRIB,MAIN
1.000000000000,-8414.63987,-2833.43294
2.000000000000,-6899.61973,-2790.59950
