time,EVT-1,EVT-2,EVT-3
1.000000000000,0.300000000E+31,0.300000000E+31,0.300000000E+31
2.000000000000,0.300000000E+31,0.300000000E+31,0.300000000E+31
