time,GHB-1,GHB-3
1.000000000000,-0.557948564,-0.800506389
2.000000000000,-0.557948469,-0.799072208
