time,LUSE2,LUSE3,NEW_WELLS
1.000000000000,-5950.00000,-3625.00000,0.00000000
2.000000000000,-5950.00000,-3625.00000,-2000.00000
