time,GHB-1,GHB-3
1.000000000000,1381.92072,10960.2888
2.000000000000,1405.95134,11192.6058
