time,TRIB,MAIN
1.000000000000,-13195.3918,-3404.66539
2.000000000000,-11927.6996,-3367.28899
