time,RIVER
1.000000000000,-1017.04423
2.000000000000,-1017.04402
