time,SURFACE-DRAIN
1.000000000000,-5094.90261
2.000000000000,-4484.74707
