time,GHB-1,GHB-3
1.000000000000,4076.49319,5450.14440
2.000000000000,4139.78025,5559.02208
