time,TRIB,MAIN
1.000000000000,-8388.05644,-2900.24581
2.000000000000,-7237.29734,-2854.41898
