time,SURFACE-DRAIN
1.000000000000,-3904206.69
2.000000000000,-3902206.91
