time,RIVER
1.000000000000,-4460.66252
2.000000000000,-4455.62345
