time,SURFACE-DRAIN
1.000000000000,-7532.72765
2.000000000000,-7092.52223
