time,RCH-1,RCH-2,RCH-3
1.000000000000,24267.9795,0.300000000E+31,0.300000000E+31
2.000000000000,24267.9795,0.300000000E+31,0.300000000E+31
